<application>
  <component name="FileTypeManager" version="19">
    <ignoreFiles list="*$py.class;*.pyc;*.pyo;*.rbc;*.yarb;*~;.DS_Store;.git;.hg;.mypy_cache;.pytest_cache;.ruff_cache;.svn;CVS;__pycache__;_svn;vssver.scc;vssver2.scc" />
    <extensionMap>
      <mapping pattern="trying-deepar-with-plucked-data-doug" type="AUTO_DETECTED" />
      <mapping pattern="random-forest-poc-emprx-get-lag-data.py" type="AUTO_DETECTED" />
      <mapping ext="in" type="PLAIN_TEXT" />
    </extensionMap>
  </component>
</application>