<keymap version="1" name="macOS copy" parent="Mac OS X 10.5+">
  <action id="$Paste">
    <keyboard-shortcut first-keystroke="shift meta alt v" />
  </action>
  <action id="ActivateBookmarksToolWindow" />
  <action id="ActivateFavoritesToolWindow" />
  <action id="ActivateProjectToolWindow">
    <keyboard-shortcut first-keystroke="meta 9" />
  </action>
  <action id="ActivatePythonConsoleToolWindow">
    <keyboard-shortcut first-keystroke="meta 2" />
  </action>
  <action id="ActivateTerminalToolWindow">
    <keyboard-shortcut first-keystroke="alt f12" />
    <keyboard-shortcut first-keystroke="meta 1" />
  </action>
  <action id="ActivateVersionControlToolWindow" />
  <action id="CodeCompletion">
    <keyboard-shortcut first-keystroke="ctrl space" />
    <keyboard-shortcut first-keystroke="tab" />
  </action>
  <action id="Console.Execute.Multiline" />
  <action id="DecrementWindowHeight" />
  <action id="DirDiffMenu.SynchronizeDiff.All" />
  <action id="DuplicatesForm.SendToRight" />
  <action id="Editor Paste">
    <keyboard-shortcut first-keystroke="shift meta alt v" />
  </action>
  <action id="EditorChooseLookupItem">
    <keyboard-shortcut first-keystroke="enter" />
    <keyboard-shortcut first-keystroke="tab" />
  </action>
  <action id="EditorChooseLookupItemReplace" />
  <action id="EditorDecreaseFontSize">
    <keyboard-shortcut first-keystroke="meta minus" />
  </action>
  <action id="EditorIncreaseFontSize">
    <keyboard-shortcut first-keystroke="meta equals" />
  </action>
  <action id="EditorPaste" />
  <action id="EditorPasteSimple">
    <keyboard-shortcut first-keystroke="meta v" />
  </action>
  <action id="EditorSplitLine" />
  <action id="EditorTextEndWithSelection">
    <keyboard-shortcut first-keystroke="shift meta end" />
    <keyboard-shortcut first-keystroke="shift meta down" />
  </action>
  <action id="EditorTextStartWithSelection">
    <keyboard-shortcut first-keystroke="shift meta home" />
    <keyboard-shortcut first-keystroke="shift meta up" />
  </action>
  <action id="ExecuteInPyConsoleAction">
    <keyboard-shortcut first-keystroke="shift alt e" />
    <keyboard-shortcut first-keystroke="shift ctrl e" />
    <keyboard-shortcut first-keystroke="meta enter" />
  </action>
  <action id="FileChooser.GotoProject" />
  <action id="IncrementWindowHeight" />
  <action id="MoveStatementDown" />
  <action id="MoveStatementUp" />
  <action id="ResizeToolWindowDown" />
  <action id="ResizeToolWindowUp" />
  <action id="Terminal.Paste">
    <keyboard-shortcut first-keystroke="shift insert" />
  </action>
  <action id="Terminal.SmartCommandExecution.Run" />
  <action id="ViewSource" />
</keymap>