<profile version="1.0">
  <option name="myName" value="Default" />
  <inspection_tool class="PyPackageRequirementsInspection" enabled="true" level="WARNING" enabled_by_default="true">
    <option name="ignoredPackages">
      <value>
        <list size="13">
          <item index="0" class="java.lang.String" itemvalue="re" />
          <item index="1" class="java.lang.String" itemvalue="alembic" />
          <item index="2" class="java.lang.String" itemvalue="pytest" />
          <item index="3" class="java.lang.String" itemvalue="python-dotenv" />
          <item index="4" class="java.lang.String" itemvalue="databricks-registry-webhooks" />
          <item index="5" class="java.lang.String" itemvalue="setuptools" />
          <item index="6" class="java.lang.String" itemvalue="MarkupSafe" />
          <item index="7" class="java.lang.String" itemvalue="requests" />
          <item index="8" class="java.lang.String" itemvalue="contourpy" />
          <item index="9" class="java.lang.String" itemvalue="matplotlib" />
          <item index="10" class="java.lang.String" itemvalue="charset-normalizer" />
          <item index="11" class="java.lang.String" itemvalue="pytz" />
          <item index="12" class="java.lang.String" itemvalue="urllib3" />
        </list>
      </value>
    </option>
  </inspection_tool>
  <inspection_tool class="PyPep8NamingInspection" enabled="true" level="WEAK WARNING" enabled_by_default="true">
    <option name="ignoredErrors">
      <list>
        <option value="N806" />
      </list>
    </option>
  </inspection_tool>
  <inspection_tool class="PyShadowingNamesInspection" enabled="false" level="WEAK WARNING" enabled_by_default="false" editorAttributes="INFO_ATTRIBUTES" />
  <inspection_tool class="PyStatementEffectInspection" enabled="false" level="WARNING" enabled_by_default="false" />
</profile>